{"cameraMode":{"drawMode":0,"name":"Shaded","section":"Shading Mode"},"sceneLighting":true,"audioPlay":false,"sceneViewState":{"m_AlwaysRefresh":false,"showFog":true,"showSkybox":true,"showFlares":true,"showImageEffects":true,"showParticleSystems":true,"showVisualEffectGraphs":true,"m_FxEnabled":true},"in2DMode":false,"pivot":{"x":-4.756731033325195,"y":2.5886988639831545,"z":0.41296231746673586},"rotation":{"x":-0.17917905747890473,"y":0.4215211868286133,"z":-0.08535902202129364,"w":-0.8847844004631043},"size":1.265883445739746,"orthographic":false}